State Code,State Name,County Code,County Name,Year,"Total Population total population of area, in thousands","Public Supply population served by groundwater, in thousands","Public Supply population served by surface water, in thousands","Public Supply total population served, in thousands","Public Supply self-supplied groundwater withdrawals, fresh, in Mgal/d","Public Supply self-supplied groundwater withdrawals, saline, in Mgal/d","Public Supply total self-supplied withdrawals, groundwater, in Mgal/d","Public Supply self-supplied surface-water withdrawals, fresh, in Mgal/d","Public Supply self-supplied surface-water withdrawals, saline, in Mgal/d","Public Supply total self-supplied withdrawals, surface water, in Mgal/d","Public Supply total self-supplied withdrawals, fresh, in Mgal/d","Public Supply total self-supplied withdrawals, saline, in Mgal/d","Public Supply total self-supplied withdrawals, total, in Mgal/d","Public Supply deliveries to domestic, in Mgal/d","Public Supply per capita use, in gallons/person/day","Domestic self-supplied groundwater withdrawals, fresh, in Mgal/d","Domestic self-supplied surface-water withdrawals, fresh, in Mgal/d","Domestic total self-supplied withdrawals, fresh, in Mgal/d","Domestic self-supplied population, in thousands","Domestic deliveries from public supply, in Mgal/d","Domestic per capita use, public-supplied, in gallons/person/day","Domestic total self-supplied withdrawals plus deliveries, in Mgal/d","Domestic per capita use, self-supplied, in gallons/person/day","Industrial self-supplied groundwater withdrawals, fresh, in Mgal/d","Industrial self-supplied groundwater withdrawals, saline, in Mgal/d","Industrial total self-supplied withdrawals, groundwater, in Mgal/d","Industrial self-supplied surface-water withdrawals, fresh, in Mgal/d","Industrial self-supplied surface-water withdrawals, saline, in Mgal/d","Industrial total self-supplied withdrawals, surface water, in Mgal/d","Industrial total self-supplied withdrawals, fresh, in Mgal/d","Industrial total self-supplied withdrawals, saline, in Mgal/d","Industrial total self-supplied withdrawals, in Mgal/d","Industrial reclaimed wastewater, in Mgal/d","Total Thermoelectric Power self-supplied groundwater withdrawals, fresh, in Mgal/d","Total Thermoelectric Power self-supplied groundwater withdrawals, saline, in Mgal/d","Total Thermoelectric Power total self-supplied withdrawals, groundwater, in Mgal/d","Total Thermoelectric Power self-supplied surface-water withdrawals, fresh, in Mgal/d","Total Thermoelectric Power self-supplied surface-water withdrawals, saline, in Mgal/d","Total Thermoelectric Power total self-supplied withdrawals, surface water, in Mgal/d","Total Thermoelectric Power total self-supplied withdrawals, fresh, in Mgal/d","Total Thermoelectric Power total self-supplied withdrawals, saline, in Mgal/d","Total Thermoelectric Power total self-supplied withdrawals, total, in Mgal/d","Total Thermoelectric Power consumptive use, fresh, in Mgal/d","Total Thermoelectric Power consumptive use, saline, in Mgal/d","Total Thermoelectric Power total consumptive use, in Mgal/d","Total Thermoelectric Power power generated, in gigawatt-hours","Thermoelectric Power (Once-through cooling) self-supplied groundwater withdrawals, fresh, in Mgal/d","Thermoelectric Power (Once-through cooling) self-supplied groundwater withdrawals, saline, in Mgal/d","Thermoelectric Power (Once-through cooling) total self-supplied withdrawals, groundwater, in Mgal/d","Thermoelectric Power (Once-through cooling) self-supplied surface-water withdrawals, fresh, in Mgal/","Thermoelectric Power (Once-through cooling) self-supplied surface-water withdrawals, saline, in Mgal","Thermoelectric Power (Once-through cooling) total self-supplied withdrawals, surface water, in Mgal/","Thermoelectric Power (Once-through cooling) total self-supplied withdrawals, fresh, in Mgal/d","Thermoelectric Power (Once-through cooling) total self-supplied withdrawals, saline, in Mgal/d","Thermoelectric Power (Once-through cooling) total self-supplied withdrawals, total, in Mgal/d","Thermoelectric Power (Once-through cooling) consumptive use, fresh, in Mgal/d","Thermoelectric Power (Once-through cooling) consumptive use, saline, in Mgal/d","Thermoelectric Power (Once-through cooling) total consumptive use, in Mgal/d","Thermoelectric Power (Once-through cooling) power generated, in gigawatt-hours","Thermoelectric Power (Closed-loop cooling) self-supplied groundwater withdrawals, fresh, in Mgal/d","Thermoelectric Power (Closed-loop cooling) self-supplied groundwater withdrawals, saline, in Mgal/d","Thermoelectric Power (Closed-loop cooling) total self-supplied withdrawals, groundwater, in Mgal/d","Thermoelectric Power (Closed-loop cooling) self-supplied surface-water withdrawals, fresh, in Mgal/d","Thermoelectric Power (Closed-loop cooling) self-supplied surface-water withdrawals, saline, in Mgal/","Thermoelectric Power (Closed-loop cooling) total self-supplied withdrawals, surface water, in Mgal/d","Thermoelectric Power (Closed-loop cooling) total self-supplied withdrawals, fresh, in Mgal/d","Thermoelectric Power (Closed-loop cooling) total self-supplied withdrawals, saline, in Mgal/d","Thermoelectric Power (Closed-loop cooling) total self-supplied withdrawals, total, in Mgal/d","Thermoelectric Power (Closed-loop cooling) consumptive use, fresh, in Mgal/d","Thermoelectric Power (Closed-loop cooling) consumptive use, saline, in Mgal/d","Thermoelectric Power (Closed-loop cooling) total consumptive use, in Mgal/d","Thermoelectric Power (Closed-loop cooling) power generated, in gigawatt-hours","Mining self-supplied groundwater withdrawals, fresh, in Mgal/d","Mining self-supplied groundwater withdrawals, saline, in Mgal/d","Mining total self-supplied withdrawals, groundwater, in Mgal/d","Mining self-supplied surface-water withdrawals, fresh, in Mgal/d","Mining self-supplied surface-water withdrawals, saline, in Mgal/d","Mining total self-supplied withdrawals, surface water, in Mgal/d","Mining total self-supplied withdrawals, fresh, in Mgal/d","Mining total self-supplied withdrawals, saline, in Mgal/d","Mining total self-supplied withdrawals, in Mgal/d","Livestock self-supplied groundwater withdrawals, fresh, in Mgal/d","Livestock self-supplied surface-water withdrawals, fresh, in Mgal/d","Livestock total self-supplied withdrawals, fresh, in Mgal/d","Aquaculture self-supplied groundwater withdrawals, fresh, in Mgal/d","Aquaculture self-supplied surface-water withdrawals, fresh, in Mgal/d","Aquaculture total self-supplied withdrawals, fresh, in Mgal/d","Irrigation, Total self-supplied groundwater withdrawals, fresh, in Mgal/d","Irrigation, Total total self-supplied withdrawals, groundwater, in Mgal/d","Irrigation, Total self-supplied surface-water withdrawals, fresh, in Mgal/d","Irrigation, Total total self-supplied withdrawals, surface water, in Mgal/d","Irrigation, Total total self-supplied withdrawals, fresh, in Mgal/d","Irrigation, Total total self-supplied withdrawals, in Mgal/d","Irrigation, Total consumptive use, fresh, in Mgal/d","Irrigation, Total total consumptive use, in Mgal/d","Irrigation, Total sprinkler irrigation, in thousand acres","Irrigation, Total microirrigation, in thousand acres","Irrigation, Total surface irrigation, in thousand acres","Irrigation, Total total irrigation, in thousand acres","Irrigation, Total reclaimed wastewater, in Mgal/d","Irrigation, Crop self-supplied groundwater withdrawals for crops, fresh, in Mgal/d","Irrigation, Crop self-supplied surface-water withdrawals for crops, fresh, in Mgal/d","Irrigation, Crop total self-supplied withdrawals for crops, fresh, in Mgal/d","Irrigation, Crop consumptive use for crops, fresh, in Mgal/d","Irrigation, Crop conveyance loss for crops, in Mgal/d","Irrigation, Crop sprinkler irrigation for crops, in thousand acres","Irrigation, Crop microirrigation for crops, in thousand acres","Irrigation, Crop surface irrigation for crops, in thousand acres","Irrigation, Crop total irrigation for crops, in thousand acres","Irrigation, Crop reclaimed wastewater for crops, in Mgal/d","Irrigation, Golf Courses self-supplied groundwater withdrawals for golf courses, fresh, in Mgal/d","Irrigation, Golf Courses self-supplied surface-water withdrawals for golf courses, fresh, in Mgal/d","Irrigation, Golf Courses total self-supplied withdrawals for golf courses, fresh, in Mgal/d","Irrigation, Golf Courses consumptive use for golf courses, fresh, in Mgal/d","Irrigation, Golf Courses sprinkler irrigation for golf courses, in thousand acres","Irrigation, Golf Courses microirrigation for golf courses, in thousand acres","Irrigation, Golf Courses surface irrigation for golf courses, in thousand acres","Irrigation, Golf Courses total irrigation for golf courses, in thousand acres","Irrigation, Golf Courses reclaimed wastewater for golf courses, in Mgal/d","Hydroelectric Power instream water use, in Mgal/d","Hydroelectric Power offstream surface-water withdrawals, fresh, in Mgal/d","Hydroelectric Power power generated by instream use, in gigawatt-hours","Hydroelectric Power power generated by offstream use, in gigawatt-hours","Hydroelectric Power total power generated, in gigawatt-hours",Hydroelectric Power number of instream facilities,Hydroelectric Power number of offstream facilities,Hydroelectric Power total number of facilities,Wastewater Treatment number of wastewater facilities
35,New Mexico,1,Bernalillo County,2000,556.68,0,0,507.26,105.65,0,0,0.06,0,0,105.71,0,0,0,0,4.98,0,4.98,49.42,0,0,0,101,0.34,0,0.34,0,0,0,0.34,0,0.34,0,0.75,0,0.75,0,0,0,0.75,0,0.75,0,0,0,0,0,0,0,0,0,0,0,0,0,0,0,0,0,0.75,0,0.75,0,0,0,0.75,0,0.75,0,0,0,0,0.65,0.0,0.65,0.0,0,0.0,0.65,0.0,0.65,0.65,0.03,0.68,0.0,0.0,0.0,2.95,0,55.31,0,58.26,0,0,0,0.0,0.1,8.78,8.88,0,0,0,0,0,0,0,0,0,0,0,0,0,0,0,0,0,0,0,0,0,0,0,0,0,0,0,0,0
35,New Mexico,1,Bernalillo County,2005,603.562,549.13,0.83,549.96,102.4,0,102.4,0.04,0,0.04,102.44,0,102.44,55.32,186,5.36,0,5.36,53.602,55.32,101,60.68,100,1.01,0,1.01,0,0,0,1.01,0,1.01,0,0.32,0,0.32,0,0,0,0.32,0,0.32,0,0,0,111.28,0,0,0,0,0,0,0,0,0,0,0,0,0,0.32,0,0.32,0,0,0,0.32,0,0.32,0,0,0,111.28,0.98,0.0,0.98,0.0,0,0.0,0.98,0.0,0.98,0.32,0.02,0.34,0.0,0.0,0.0,2.12,0,37.29,0,39.41,0,0,0,0.02,0.0,5.64,5.66,0,0,0,0,0,0,0,0,0,0,0,0,0,0,0,0,0,0,0,0,0,0,0,0,0,0,0,0,0
35,New Mexico,1,Bernalillo County,2010,662.564,0,0,635.819,57.98,0,57.98,40.28,0,40.28,98.26,0,98.26,50.09,155,2.67,0,2.67,26.745,50.09,79,52.76,100,0.36,0,0.36,0,0,0,0.36,0,0.36,0,0.42,0,0.42,0,0,0,0.42,0,0.42,0,0,0,77.08,0,0,0,0,0,0,0,0,0,0,0,0,0,0.42,0,0.42,0,0,0,0.42,0,0.42,0,0,0,77.08,0.08,0.0,0.08,0.0,0,0.0,0.08,0.0,0.08,0.22,0.0,0.22,0.0,0.0,0.0,7.76,7.76,38.63,38.63,46.39,46.39,0,0,1.33,0.0,5.76,7.09,0,2.32,38.63,40.95,12.24,28.67,0,0,5.76,5.76,0,5.44,0,5.44,0,1.33,0,0,1.33,0,0,0,0,0,0,0,0,0,0
35,New Mexico,1,Bernalillo County,2015,676.685,306.929,358.093,665.022,40.57,0,40.57,47.05,0,47.05,87.62,0,87.62,45.03,132,1.17,0,1.17,11.663,45.03,68,46.2,100,0.05,0,0.05,0,0,0,0.05,0,0.05,0,0.26,0,0.26,0,0,0,0.26,0,0.26,0.19,0,0.19,131.86,0,0,0,0,0,0,0,0,0,0,0,0,0,0.26,0,0.26,0,0,0,0.26,0,0.26,0.19,0,0.19,131.86,0.12,0.0,0.12,0.0,0,0.0,0.12,0.0,0.12,0.17,0.01,0.18,0.02,0.0,0.02,6.47,6.47,32.69,32.69,39.16,39.16,16.48,16.48,1.55,0.0,5.92,7.47,1.59,2.27,32.69,34.96,12.41,17.48,0,0,5.92,5.92,0,4.2,0,4.2,4.07,1.55,0,0,1.55,1.59,0,0,0,0,0,0,0,0,0
35,New Mexico,13,Dona Ana County,2000,174.68,0,0,165.87,34.07,0,0,0.0,0,0,34.07,0,0,0,0,0.88,0,0.88,8.81,0,0,0,100,0.07,0,0.07,0,0,0,0.07,0,0.07,0,2.48,0,2.48,0,0,0,2.48,0,2.48,0,0,0,0,0,0,0,0,0,0,0,0,0,0,0,0,0,2.48,0,2.48,0,0,0,2.48,0,2.48,0,0,0,0,0.05,0.0,0.05,0.0,0,0.0,0.05,0.0,0.05,4.76,0.05,4.81,0.0,0.0,0.0,86.71,0,369.53,0,456.24,0,0,0,1.76,0.54,73.74,76.04,0,0,0,0,0,0,0,0,0,0,0,0,0,0,0,0,0,0,0,0,0,0,0,0,0,0,0,0,0
35,New Mexico,13,Dona Ana County,2005,189.444,179.97,0,179.97,36.65,0,36.65,0.0,0,0,36.65,0,36.65,23.09,204,0.95,0,0.95,9.474,23.09,128,24.04,100,0.07,0,0.07,0,0,0,0.07,0,0.07,0,1.92,0,1.92,0,0,0,1.92,0,1.92,0,0,0,743.84,0,0,0,0,0,0,0,0,0,0,0,0,0,1.92,0,1.92,0,0,0,1.92,0,1.92,0,0,0,743.84,0.03,0.0,0.03,0.0,0,0.0,0.03,0.0,0.03,6.17,0.06,6.23,0.0,0.0,0.0,133.93,0,285.42,0,419.35,0,0,0,0.6,0.32,74.25,75.17,0,0,0,0,0,0,0,0,0,0,0,0,0,0,0,0,0,0,0,0,0,0,0,0,0,0,0,0,0
35,New Mexico,13,Dona Ana County,2010,209.233,0,0,203.401,36.96,0,36.96,0.0,0,0,36.96,0,36.96,21.58,182,0.58,0,0.58,5.832,21.58,106,22.16,99,0.11,0,0.11,0,0,0,0.11,0,0.11,0,1.66,0,1.66,0,0,0,1.66,0,1.66,0,0,0,729.68,0,0,0,0,0,0,0,0,0,0,0,0,0,1.66,0,1.66,0,0,0,1.66,0,1.66,0,0,0,729.68,0.07,0.0,0.07,0.0,0,0.0,0.07,0.0,0.07,3.79,0.13,3.92,0.0,0.0,0.0,111.68,111.68,242.26,242.26,353.94,353.94,0,0,0.83,0.18,64.7,65.71,0,108.75,242.26,351.01,151.67,190.52,0.17,0.18,64.7,65.05,0,2.93,0,2.93,0,0.66,0,0,0.66,0,0,0,0,0,0,0,0,0,0
35,New Mexico,13,Dona Ana County,2015,214.295,209.295,0,209.295,33.99,0,33.99,0.0,0,0,33.99,0,33.99,20.22,162,0.5,0,0.5,5.0,20.22,97,20.72,100,0.0,0,0.0,0,0,0,0.0,0,0.0,0,1.07,0,1.07,0,0,0,1.07,0,1.07,0.77,0,0.77,1169.01,0,0,0,0,0,0,0,0,0,0,0,0,0,1.07,0,1.07,0,0,0,1.07,0,1.07,0.77,0,0.77,1169.01,0.37,0.0,0.37,0.0,0,0.0,0.37,0.0,0.37,3.25,0.03,3.28,0.0,0.0,0.0,178.19,178.19,121.53,121.53,299.72,299.72,174.98,174.98,0.66,0.09,71.81,72.56,0.37,175.93,121.53,297.46,173.27,119.12,0.02,0.09,71.81,71.92,0,2.26,0,2.26,1.71,0.64,0,0,0.64,0.37,0,0,0,0,0,0,0,0,2
35,New Mexico,39,Rio Arriba County,2000,41.19,0,0,19.27,1.51,0,0,0.64,0,0,2.15,0,0,0,0,1.75,0,1.75,21.92,0,0,0,80,0.12,0,0.12,0,0,0,0.12,0,0.12,0,0.0,0,0.0,0,0,0,0.0,0,0.0,0,0,0,0,0,0,0,0,0,0,0,0,0,0,0,0,0,0.0,0,0.0,0,0,0,0.0,0,0.0,0,0,0,0,0.29,0.0,0.29,0.0,0,0.0,0.29,0.0,0.29,0.19,0.18,0.37,0.08,1.66,1.74,1.12,0,98.76,0,99.88,0,0,0,0.0,0.0,31.81,31.81,0,0,0,0,0,0,0,0,0,0,0,0,0,0,0,0,0,0,0,0,0,0,0,0,0,0,0,0,0
35,New Mexico,39,Rio Arriba County,2005,40.828,14.12,4.98,19.1,1.35,0,1.35,0.68,0,0.68,2.03,0,2.03,1.62,106,1.74,0,1.74,21.728,1.62,85,3.36,80,0.12,0,0.12,0,0,0,0.12,0,0.12,0,0.0,0,0.0,0,0,0,0.0,0,0.0,0,0,0,0,0,0,0,0,0,0,0,0,0,0,0,0,0,0.0,0,0.0,0,0,0,0.0,0,0.0,0,0,0,0,0.09,0.0,0.09,0.0,0,0.0,0.09,0.0,0.09,0.16,0.14,0.3,0.15,3.32,3.47,1.18,0,101.21,0,102.39,0,0,0,0.0,0.04,32.11,32.15,0,0,0,0,0,0,0,0,0,0,0,0,0,0,0,0,0,0,0,0,0,0,0,0,0,0,0,0,0
35,New Mexico,39,Rio Arriba County,2010,40.246,0,0,23.964,1.64,0,1.64,0.63,0,0.63,2.27,0,2.27,1.77,95,1.3,0,1.3,16.282,1.77,74,3.07,80,0.0,0,0.0,0,0,0,0.0,0,0.0,0,0.0,0,0.0,0,0,0,0.0,0,0.0,0,0,0,0,0,0,0,0,0,0,0,0,0,0,0,0,0,0.0,0,0.0,0,0,0,0.0,0,0.0,0,0,0,0,0.49,0.0,0.49,0.0,0,0.0,0.49,0.0,0.49,0.19,0.17,0.36,0.95,0.0,0.95,1.45,1.45,100.25,100.25,101.7,101.7,0,0,0.1,0.04,31.43,31.57,0,1.14,100.25,101.39,31.57,69.83,0,0.04,31.43,31.47,0,0.31,0,0.31,0,0.1,0,0,0.1,0,0,0,0,0,0,0,0,0,0
35,New Mexico,39,Rio Arriba County,2015,39.465,19.843,4.62,24.463,1.49,0,1.49,0.34,0,0.34,1.83,0,1.83,1.45,75,1.2,0,1.2,15.002,1.45,59,2.65,80,0.0,0,0.0,0,0,0,0.0,0,0.0,0,0.0,0,0.0,0,0,0,0.0,0,0.0,0,0,0,0,0,0,0,0,0,0,0,0,0,0,0,0,0,0.0,0,0.0,0,0,0,0.0,0,0.0,0,0,0,0,0.39,1.11,1.5,0.0,0,0.0,0.39,1.11,1.5,0.17,0.15,0.32,3.17,0.0,3.17,1.96,1.96,85.85,85.85,87.81,87.81,27.06,27.06,0.01,0.02,28.31,28.34,0,1.93,85.85,87.78,27.04,60.01,0,0.02,28.31,28.33,0,0.03,0,0.03,0.02,0.01,0,0,0.01,0,105.3,0,13.74,0,13.74,2,0,2,1
35,New Mexico,49,Santa Fe County,2000,129.29,0,0,94.0,10.25,0,0,3.29,0,0,13.54,0,0,0,0,2.86,0,2.86,35.29,0,0,0,81,0.02,0,0.02,0,0,0,0.02,0,0.02,0,0.0,0,0.0,0,0,0,0.0,0,0.0,0,0,0,0,0,0,0,0,0,0,0,0,0,0,0,0,0,0.0,0,0.0,0,0,0,0.0,0,0.0,0,0,0,0,0.02,0.0,0.02,0.0,0,0.0,0.02,0.0,0.02,0.12,0.12,0.24,0.0,0.0,0.0,14.8,0,14.99,0,29.79,0,0,0,5.2,0.06,11.6,16.86,0,0,0,0,0,0,0,0,0,0,0,0,0,0,0,0,0,0,0,0,0,0,0,0,0,0,0,0,0
35,New Mexico,49,Santa Fe County,2005,140.855,62.78,39.62,102.4,7.45,0,7.45,4.13,0,4.13,11.58,0,11.58,6.14,113,3.08,0,3.08,38.455,6.14,60,9.22,80,0.02,0,0.02,0,0,0,0.02,0,0.02,0,0.0,0,0.0,0,0,0,0.0,0,0.0,0,0,0,0,0,0,0,0,0,0,0,0,0,0,0,0,0,0.0,0,0.0,0,0,0,0.0,0,0.0,0,0,0,0,0.02,0.0,0.02,0.0,0,0.0,0.02,0.0,0.02,0.06,0.05,0.11,0.0,0.0,0.0,17.13,0,15.42,0,32.55,0,0,0,4.44,0.09,10.56,15.09,0,0,0,0,0,0,0,0,0,0,0,0,0,0,0,0,0,0,0,0,0,0,0,0,0,0,0,0,0
35,New Mexico,49,Santa Fe County,2010,144.17,0,0,119.562,8.1,0,8.1,4.11,0,4.11,12.21,0,12.21,6.92,102,2.09,0,2.09,24.608,6.92,58,9.01,85,0.0,0,0.0,0,0,0,0.0,0,0.0,0,0.0,0,0.0,0,0,0,0.0,0,0.0,0,0,0,0,0,0,0,0,0,0,0,0,0,0,0,0,0,0.0,0,0.0,0,0,0,0.0,0,0.0,0,0,0,0,0.04,0.0,0.04,0.0,0,0.0,0.04,0.0,0.04,0.06,0.04,0.1,0.0,0.0,0.0,18.96,18.96,16.41,16.41,35.37,35.37,0,0,5.23,0.09,12.04,17.36,0,17.95,16.41,34.36,17.51,16.85,4.9,0.09,12.04,17.03,0,1.01,0,1.01,0,0.33,0,0,0.33,0,0,0,0,0,0,0,0,0,0
35,New Mexico,49,Santa Fe County,2015,148.686,77.158,43.33,120.488,6.41,0,6.41,4.16,0,4.16,10.57,0,10.57,6.1,88,2.25,0,2.25,28.198,6.1,51,8.35,80,0.0,0,0.0,0,0,0,0.0,0,0.0,0,0.0,0,0.0,0,0,0,0.0,0,0.0,0,0,0,0,0,0,0,0,0,0,0,0,0,0,0,0,0,0.0,0,0.0,0,0,0,0.0,0,0.0,0,0,0,0,0.2,0.0,0.2,0.0,0,0.0,0.2,0.0,0.2,0.06,0.05,0.11,0.0,0.0,0.0,14.81,14.81,4.5,4.5,19.31,19.31,11.81,11.81,5.15,0.03,5.8,10.98,0.74,14.37,4.5,18.87,10.7,8.06,4.64,0.03,5.8,10.47,0,0.44,0,0.44,1.11,0.51,0,0,0.51,0.74,0,0,0,0,0,0,0,0,2
35,New Mexico,51,Sierra County,2000,13.27,0,0,12.14,1.71,0,0,0.0,0,0,1.71,0,0,0,0,0.09,0,0.09,1.13,0,0,0,80,0.0,0,0.0,0,0,0,0.0,0,0.0,0,0.0,0,0.0,0,0,0,0.0,0,0.0,0,0,0,0,0,0,0,0,0,0,0,0,0,0,0,0,0,0.0,0,0.0,0,0,0,0.0,0,0.0,0,0,0,0,0.05,0.0,0.05,0.0,0,0.0,0.05,0.0,0.05,0.59,0.06,0.65,0.0,0.0,0.0,10.13,0,21.32,0,31.45,0,0,0,0.0,0.0,7.8,7.8,0,0,0,0,0,0,0,0,0,0,0,0,0,0,0,0,0,0,0,0,0,0,0,0,0,0,0,0,0
35,New Mexico,51,Sierra County,2005,12.815,11.72,0,11.72,1.78,0,1.78,0.0,0,0,1.78,0,1.78,1.09,152,0.09,0,0.09,1.095,1.09,93,1.18,82,0.0,0,0.0,0,0,0,0.0,0,0.0,0,0.0,0,0.0,0,0,0,0.0,0,0.0,0,0,0,0,0,0,0,0,0,0,0,0,0,0,0,0,0,0.0,0,0.0,0,0,0,0.0,0,0.0,0,0,0,0,0.07,0.0,0.07,0.0,0,0.0,0.07,0.0,0.07,0.74,0.03,0.77,0.0,0.0,0.0,11.63,0,26.25,0,37.88,0,0,0,0.0,0.32,7.4,7.72,0,0,0,0,0,0,0,0,0,0,0,0,0,0,0,0,0,0,0,0,0,0,0,0,0,0,0,0,0
35,New Mexico,51,Sierra County,2010,11.988,0,0,10.109,1.49,0,1.49,0.0,0,0,1.49,0,1.49,1.07,147,0.15,0,0.15,1.879,1.07,106,1.22,80,0.0,0,0.0,0,0,0,0.0,0,0.0,0,0.0,0,0.0,0,0,0,0.0,0,0.0,0,0,0,0,0,0,0,0,0,0,0,0,0,0,0,0,0,0.0,0,0.0,0,0,0,0.0,0,0.0,0,0,0,0,0.02,0.0,0.02,0.0,0,0.0,0.02,0.0,0.02,0.48,0.02,0.5,0.0,0.0,0.0,21.51,21.51,19.09,19.09,40.6,40.6,0,0,0.08,0.16,6.87,7.11,0,21.11,19.09,40.2,15.75,21.71,0,0.16,6.87,7.03,0,0.4,0,0.4,0,0.08,0,0,0.08,0,0,0,0,0,0,0,0,0,0
35,New Mexico,51,Sierra County,2015,11.282,9.24,0,9.24,1.53,0,1.53,0.0,0,0,1.53,0,1.53,1.16,166,0.16,0,0.16,2.042,1.16,126,1.32,78,0.0,0,0.0,0,0,0,0.0,0,0.0,0,0.0,0,0.0,0,0,0,0.0,0,0.0,0,0,0,0,0,0,0,0,0,0,0,0,0,0,0,0,0,0.0,0,0.0,0,0,0,0.0,0,0.0,0,0,0,0,0.09,0.0,0.09,0.0,0,0.0,0.09,0.0,0.09,0.37,0.02,0.39,0.0,0.0,0.0,20.12,20.12,6.64,6.64,26.76,26.76,8.72,8.72,0.1,0.07,4.7,4.87,0.15,19.69,6.64,26.33,8.34,14.64,0,0.07,4.7,4.77,0,0.43,0,0.43,0.38,0.1,0,0,0.1,0.15,366.95,0,38.15,0,38.15,1,0,1,2
35,New Mexico,53,Socorro County,2000,18.08,0,0,12.98,2.3,0,0,0.0,0,0,2.3,0,0,0,0,0.41,0,0.41,5.1,0,0,0,80,0.0,0,0.0,0,0,0,0.0,0,0.0,0,0.0,0,0.0,0,0,0,0.0,0,0.0,0,0,0,0,0,0,0,0,0,0,0,0,0,0,0,0,0,0.0,0,0.0,0,0,0,0.0,0,0.0,0,0,0,0,0.01,0.0,0.01,0.0,0,0.0,0.01,0.0,0.01,0.93,0.07,1.0,0.0,0.0,0.0,29.94,0,128.16,0,158.1,0,0,0,1.12,0.08,18.99,20.19,0,0,0,0,0,0,0,0,0,0,0,0,0,0,0,0,0,0,0,0,0,0,0,0,0,0,0,0,0
35,New Mexico,53,Socorro County,2005,18.148,13.03,0,13.03,2.27,0,2.27,0.0,0,0,2.27,0,2.27,1.82,174,0.41,0,0.41,5.118,1.82,140,2.23,80,0.0,0,0.0,0,0,0,0.0,0,0.0,0,0.0,0,0.0,0,0,0,0.0,0,0.0,0,0,0,0,0,0,0,0,0,0,0,0,0,0,0,0,0,0.0,0,0.0,0,0,0,0.0,0,0.0,0,0,0,0,0.0,0.0,0.0,0.0,0,0.0,0.0,0.0,0.0,1.06,0.05,1.11,0.0,0.0,0.0,30.13,0,111.66,0,141.79,0,0,0,1.12,0.08,20.77,21.97,0,0,0,0,0,0,0,0,0,0,0,0,0,0,0,0,0,0,0,0,0,0,0,0,0,0,0,0,0
35,New Mexico,53,Socorro County,2010,17.866,0,0,13.89,2.05,0,2.05,0.0,0,0,2.05,0,2.05,1.45,148,0.32,0,0.32,3.976,1.45,104,1.77,80,0.05,0,0.05,0,0,0,0.05,0,0.05,0,0.0,0,0.0,0,0,0,0.0,0,0.0,0,0,0,0,0,0,0,0,0,0,0,0,0,0,0,0,0,0.0,0,0.0,0,0,0,0.0,0,0.0,0,0,0,0,0.02,0.0,0.02,0.0,0,0.0,0.02,0.0,0.02,0.88,0.06,0.94,0.0,0.0,0.0,27.1,27.1,98.87,98.87,125.97,125.97,0,0,0.18,0.01,18.71,18.9,0,27.1,98.87,125.97,38.78,87.14,0.18,0.01,18.71,18.9,0,0,0,0,0,0,0,0,0,0,0,0,0,0,0,0,0,0,0
35,New Mexico,53,Socorro County,2015,17.256,11.594,0.239,11.833,1.94,0,1.94,0.05,0,0.05,1.99,0,1.99,1.42,168,0.43,0,0.43,5.423,1.42,120,1.85,79,0.0,0,0.0,0,0,0,0.0,0,0.0,0,0.0,0,0.0,0,0,0,0.0,0,0.0,0,0,0,0,0,0,0,0,0,0,0,0,0,0,0,0,0,0.0,0,0.0,0,0,0,0.0,0,0.0,0,0,0,0,0.21,0.0,0.21,0.0,0,0.0,0.21,0.0,0.21,1.06,0.05,1.11,0.0,0.0,0.0,24.81,24.81,77.38,77.38,102.19,102.19,39.5,39.5,0.19,0.0,19.34,19.53,0,24.33,77.38,101.71,39.19,60.84,0.11,0,19.34,19.45,0,0.48,0,0.48,0.31,0.08,0,0,0.08,0,0,0,0,0,0,0,0,0,1
35,New Mexico,55,Taos County,2000,29.98,0,0,14.62,1.91,0,0,0.08,0,0,1.99,0,0,0,0,1.23,0,1.23,15.36,0,0,0,80,0.0,0,0.0,0,0,0,0.0,0,0.0,0,0.0,0,0.0,0,0,0,0.0,0,0.0,0,0,0,0,0,0,0,0,0,0,0,0,0,0,0,0,0,0.0,0,0.0,0,0,0,0.0,0,0.0,0,0,0,0,2.27,0.0,2.27,0.47,0,0.47,2.74,0.0,2.74,0.06,0.04,0.1,0.17,2.89,3.06,1.87,0,87.03,0,88.9,0,0,0,1.0,0.0,28.75,29.75,0,0,0,0,0,0,0,0,0,0,0,0,0,0,0,0,0,0,0,0,0,0,0,0,0,0,0,0,0
35,New Mexico,55,Taos County,2005,31.722,15.28,0.19,15.47,2.08,0,2.08,0.06,0,0.06,2.14,0,2.14,1.75,138,1.3,0,1.3,16.252,1.75,113,3.05,80,0.0,0,0.0,0,0,0,0.0,0,0.0,0,0.0,0,0.0,0,0,0,0.0,0,0.0,0,0,0,0,0,0,0,0,0,0,0,0,0,0,0,0,0,0.0,0,0.0,0,0,0,0.0,0,0.0,0,0,0,0,3.18,0.0,3.18,0.87,0,0.87,4.05,0.0,4.05,0.05,0.03,0.08,0.33,5.79,6.12,2.13,0,92.45,0,94.58,0,0,0,1.36,0.0,27.83,29.19,0,0,0,0,0,0,0,0,0,0,0,0,0,0,0,0,0,0,0,0,0,0,0,0,0,0,0,0,0
35,New Mexico,55,Taos County,2010,32.937,0,0,20.178,1.87,0,1.87,0.17,0,0.17,2.04,0,2.04,1.37,101,1.02,0,1.02,12.759,1.37,68,2.39,80,0.0,0,0.0,0,0,0,0.0,0,0.0,0,0.0,0,0.0,0,0,0,0.0,0,0.0,0,0,0,0,0,0,0,0,0,0,0,0,0,0,0,0,0,0.0,0,0.0,0,0,0,0.0,0,0.0,0,0,0,0,6.07,0.0,6.07,3.98,0,3.98,10.05,0.0,10.05,0.06,0.04,0.1,10.9,0.0,10.9,1.11,1.11,81.24,81.24,82.35,82.35,0,0,0.99,0.0,26.03,27.02,0,1.09,81.24,82.33,27.81,54.51,0.94,0,26.03,26.97,0,0.02,0,0.02,0,0.05,0,0,0.05,0,0,0,0,0,0,0,0,0,0
35,New Mexico,55,Taos County,2015,32.907,23.542,0.229,23.771,2.33,0,2.33,0.08,0,0.08,2.41,0,2.41,1.62,101,0.73,0,0.73,9.136,1.62,68,2.35,80,0.0,0,0.0,0,0,0,0.0,0,0.0,0,0.0,0,0.0,0,0,0,0.0,0,0.0,0,0,0,0,0,0,0,0,0,0,0,0,0,0,0,0,0,0.0,0,0.0,0,0,0,0.0,0,0.0,0,0,0,0,0.12,0.0,0.12,0.07,0,0.07,0.19,0.0,0.19,0.06,0.04,0.1,9.65,0.0,9.65,0.99,0.99,58.43,58.43,59.42,59.42,20.33,20.33,0.67,0.0,16.6,17.27,0.23,0.99,58.43,59.42,20.18,36.43,0.54,0,16.6,17.14,0,0,0,0,0.15,0.13,0,0,0.13,0.23,0,0,0,0,0,0,0,0,0
35,New Mexico,61,Valencia County,2000,66.15,0,0,32.97,5.01,0,0,0.0,0,0,5.01,0,0,0,0,3.32,0,3.32,33.18,0,0,0,100,0.04,0,0.04,0,0,0,0.04,0,0.04,0,0.0,0,0.0,0,0,0,0.0,0,0.0,0,0,0,0,0,0,0,0,0,0,0,0,0,0,0,0,0,0.0,0,0.0,0,0,0,0.0,0,0.0,0,0,0,0,0.0,0.0,0.0,0.0,0,0.0,0.0,0.0,0.0,0.7,0.02,0.72,0.0,0.0,0.0,6.34,0,144.56,0,150.9,0,0,0,0.0,0.04,20.8,20.84,0,0,0,0,0,0,0,0,0,0,0,0,0,0,0,0,0,0,0,0,0,0,0,0,0,0,0,0,0
35,New Mexico,61,Valencia County,2005,69.417,34.6,0,34.6,5.02,0,5.02,0.0,0,0,5.02,0,5.02,4.02,145,3.48,0,3.48,34.817,4.02,116,7.5,100,0.06,0,0.06,0,0,0,0.06,0,0.06,0,0.0,0,0.0,0,0,0,0.0,0,0.0,0,0,0,0,0,0,0,0,0,0,0,0,0,0,0,0,0,0.0,0,0.0,0,0,0,0.0,0,0.0,0,0,0,0,0.0,0.0,0.0,0.0,0,0.0,0.0,0.0,0.0,0.78,0.03,0.81,0.0,0.0,0.0,8.01,0,156.06,0,164.07,0,0,0,0.0,0.05,22.64,22.69,0,0,0,0,0,0,0,0,0,0,0,0,0,0,0,0,0,0,0,0,0,0,0,0,0,0,0,0,0
35,New Mexico,61,Valencia County,2010,76.569,0,0,43.659,5.85,0,5.85,0.0,0,0,5.85,0,5.85,3.94,134,3.29,0,3.29,32.91,3.94,90,7.23,100,0.0,0,0.0,0,0,0,0.0,0,0.0,0,0.0,0,0.0,0,0,0,0.0,0,0.0,0,0,0,0,0,0,0,0,0,0,0,0,0,0,0,0,0,0.0,0,0.0,0,0,0,0.0,0,0.0,0,0,0,0,0.16,0.0,0.16,0.0,0,0.0,0.16,0.0,0.16,0.75,0.04,0.79,0.0,0.0,0.0,10.25,10.25,142.92,142.92,153.17,153.17,0,0,0.57,0.34,23.32,24.23,0,10.18,142.92,153.1,46.85,106.24,0.51,0.34,23.32,24.17,0,0.07,0,0.07,0,0.06,0,0,0.06,0,0,0,0,0,0,0,0,0,0
35,New Mexico,61,Valencia County,2015,75.737,43.989,0,43.989,4.94,0,4.94,0.0,0,0,4.94,0,4.94,3.33,112,3.17,0,3.17,31.748,3.33,76,6.5,100,0.0,0,0.0,0,0,0,0.0,0,0.0,0,0.0,0,0.0,0,0,0,0.0,0,0.0,0,0,0,0,0,0,0,0,0,0,0,0,0,0,0,0,0,0.0,0,0.0,0,0,0,0.0,0,0.0,0,0,0,0,0.39,0.0,0.39,0.0,0,0.0,0.39,0.0,0.39,0.88,0.03,0.91,0.0,0.0,0.0,7.89,7.89,119.59,119.59,127.48,127.48,45.25,45.25,0.08,0.0,22.64,22.72,0,7.54,119.59,127.13,45.02,82.11,0,0,22.64,22.64,0,0.35,0,0.35,0.23,0.08,0,0,0.08,0,0,0,0,0,0,0,0,0,4
